"Name","Street","City","Phone","Email"
"Bazilikum Resto","Verschansingstraat, 61/B","2000 Antwerpen / Anvers","+32 (3) 216.28.69","frankjan@bazilikum.be"
"ALGO [BIZZIE LIZZIE]","Vlaamsekaai, 16","2000 Antwerpen / Anvers","",""
"Ap-i-han","Frankrijklei, 42","2000 Antwerpen / Anvers","+32 (3) 203.07.43",""
"testdepp","Bredestraat 4","2000 Antwerpen / Anvers","1234567890","testdepp@testdepp.org"
"Bloemkool (De)","Groendalstraat, 20","2000 Antwerpen / Anvers","+32 (3) 227.37.42",""
"Brasserie Appelmans, Chilli Club [APPELMANS]","Papenstraatje, 1","2000 Antwerpen / Anvers","+32 (3) 234.27.22","info@brasserieappelmans.be, info@absinthbar.be"
"'T Soet Brood","Waalsekaai, 40","2000 Antwerpen / Anvers","+32 (3) 238.38.52",""
"Abdalla/Mahmoud [PLEIN 4]","Falconplein, 4","2000 Antwerpen / Anvers","+32 (3) 231.51.00",""
"Bar Italia","Graaf van Egmontstraat, 59","2000 Antwerpen / Anvers","+32 (3) 216.17.48",""
"Bacino bvba","Torfbrug, 5","2000 Antwerpen / Anvers","+32 (3) 231.17.79",""
"Nguyen/Van Dung [REST CAMBODGE]","Bourlastraat, 19","2000 Antwerpen / Anvers","+32 (3) 234.09.79",""
"Xaverius","Handschoenmarkt, 16","2000 Antwerpen / Anvers","+32 (3) 231.45.41",""
"Hofstraat 24","Hofstraat, 24","2000 Antwerpen / Anvers","+32 (3) 225.05.45","hofstraat24@skynet.be"
"Da Vinci 2","Verschansingstraat, 1","2000 Antwerpen / Anvers","+32 (3) 237.41.71",""
"Kiekekot (Restaurant)","Grote Markt, 35","2000 Antwerpen / Anvers","+32 (3) 232.15.02",""
"Sushi Bar Umi","Groenplaats, 18","2000 Antwerpen / Anvers","+32 (3) 232.44.88",""
"Rucolla bvba [DE GODEVAART]","Wolstraat, 45","2000 Antwerpen / Anvers","+32 (3) 231.89.94",""
"Van den Bergh/Astrid","Bordeauxstraat, 11","2000 Antwerpen / Anvers","+32 (3) 324.75.09",""
"Yamayu Santatsu bvba","Ossenmarkt, 19","2000 Antwerpen / Anvers","+32 (3) 234.09.49",""
"Leja/Deoborah [CROISSANTY]","Melkmarkt, 1","2000 Antwerpen / Anvers","+32 (3) 232.83.99",""
"Verley/Linda","Suikerrui, 14","2000 Antwerpen / Anvers","+32 (3) 227.30.85",""
"Poupaert Herman","Wisselstraat, 4","2000 Antwerpen / Anvers","+32 (3) 233.67.28",""
"Bagetje ('T) [BAGUETJE]","Kasteelpleinstraat, 43","2000 Antwerpen / Anvers","+32 (3) 233.92.95",""
"Camaco [KOFFIEPALET]","Melkmarkt, 34","2000 Antwerpen / Anvers","",""
"K.M.P. Deckers [TAVERNE BOVEN DE WET]","Bolivarplaats, 1","2000 Antwerpen / Anvers","+32 (3) 238.19.47","bovendewet@telenet.be"
"Cafenova","Pelgrimstraat, 17","2000 Antwerpen / Anvers","+32 (3) 234.08.09",""
"Chalghmi/Hamdi [PRIMAVERA]","Paardenmarkt, 99","2000 Antwerpen / Anvers","+32 (3) 232.00.74",""
"Van overloop/Steven [DE TANKSTOP]","Vlasmarkt, 14","2000 Antwerpen / Anvers","",""
"De Grieken","Vlasmarkt, 8","2000 Antwerpen / Anvers","+32 (3) 213.12.10",""
"Algatan","Meir, 60","2000 Antwerpen / Anvers","+32 (3) 227.54.88",""
"Souffleur (De) [DE SOUFFLEUR]","Nieuwstad, 4","2000 Antwerpen / Anvers","+32 (3) 233.25.85",""
"Valencia Restaurant gcv, Valencia","Oudeleeuwenrui, 28","2000 Antwerpen / Anvers","+32 (3) 233.17.17",""
"De Twee Vuistjes","Vlasmarkt, 36","2000 Antwerpen / Anvers","+32 (3) 232.96.52",""
"Dansing Chocola","Kloosterstraat, 159","2000 Antwerpen / Anvers","+32 (3) 237.19.05",""
"Leclair/A.","Italiëlei, 50","2000 Antwerpen / Anvers","+32 (3) 231.14.09",""
"S.L.B.","Ankerrui, 46","2000 Antwerpen / Anvers","+32 (3) 288.73.89",""
"Butterfly Garden bvba","Wisselstraat, 5","2000 Antwerpen / Anvers","+32 (3) 226.50.96",""
"Flamant Dining [FLAMANT HOME INTERIORS]","Lange Gasthuisstraat, 12","2000 Antwerpen / Anvers","+32 (3) 227.74.41",""
"G&P PROJECTS","Komedieplaats, 15","2000 Antwerpen / Anvers","",""
"De Zuilen bvba","Wolstraat, 5","2000 Antwerpen / Anvers","+32 (3) 225.26.92","info@dezuilen.be"
"Stereo Sushi [RIVER CAFE]","Luikstraat, 6","2000 Antwerpen / Anvers","+32 (3) 248.67.27",""
"BVBA De Wael [DE WAEL]","Leopold de Waelstraat, 28","2000 Antwerpen / Anvers","+32 (3) 288.08.00",""
"Restaurant Maritime bvba","Suikerrui, 4","2000 Antwerpen / Anvers","+32 (3) 233.07.58","restaurant.maritime@pandora.be"
"Tang's bvba","Kasteelpleinstraat, 36","2000 Antwerpen / Anvers","+32 (3) 248.38.59",""
"VAN DYCK/ETIENNE [TARTE A LOUIS]","Amsterdamstraat, 41","2000 Antwerpen / Anvers","",""
"Tilly's [TILLY'S, PURE]","Prinsstraat, 6","2000 Antwerpen / Anvers","+32 (3) 225.37.01",""
"Geudens/Marleen ['T WINKELTJE]","Lange Klarenstraat, 27","2000 Antwerpen / Anvers","+32 (3) 232.12.90",""
"Monico [CAFE MONICO MEIR]","Meir, 4","2000 Antwerpen / Anvers","+32 (3) 234.03.59","monicomeir@pandora.be, monicomeir@telenet.be"
"Gucci [MATTERHORN]","Huidevettersstraat, 51","2000 Antwerpen / Anvers","+32 (3) 475.19.44",""
"Ouweleeuw [OUWE LEEUW]","Oudeleeuwenrui, 29","2000 Antwerpen / Anvers","+32 (3) 290.89.84",""
"Diagoonal [DIAGONAL TAPASBAR]","Amerikalei, 97","2000 Antwerpen / Anvers","",""
"Den Dobbelsteen","Pelgrimstraat, 30","2000 Antwerpen / Anvers","+32 (3) 233.06.94",""
"Diagonal [DIAGONAL TAPASBAR]","Amerikalei, 97","2000 Antwerpen / Anvers","+32 (3) 257.04.01",""
"Pleinzicht","Groenplaats, 8","2000 Antwerpen / Anvers","+32 (3) 475.15.51",""
"Bomonde","Jodenstraat, 32","2000 Antwerpen / Anvers","+32 (3) 226.61.41",""
"Strubeek [RESTAURANT ROODEN HOED]","Oude Koornmarkt, 25","2000 Antwerpen / Anvers","+32 (3) 293.55.22",""
"Adriaensen/Alfons [GRAND CAFE LEROY]","Kasteelpleinstraat, 45","2000 Antwerpen / Anvers","",""
"Dock's [DOCK'S CAFE]","Jordaenskaai, 7","2000 Antwerpen / Anvers","+32 (3) 226.63.30","info@docks.be"
"Mc Donald's Restaurants Belgium","Teniersplaats, 4","2000 Antwerpen / Anvers","+32 (3) 231.59.55",""
"Satya [RAGA]","Hendrik Conscienceplein, 11","2000 Antwerpen / Anvers","+32 (3) 485.66.56",""
"Mid Mac [MID-MAC]","Klapdorp, 3","2000 Antwerpen / Anvers","+32 (3) 231.16.45",""
"Vroom & Dreesmann Warenhuizen [LA PLACE BE]","Meir, 78","2000 Antwerpen / Anvers","+32 (3) 226.85.46",""
"New Dimitri's","Paardenmarkt, 121","2000 Antwerpen / Anvers","+32 (3) 234.04.82",""
"Lollapalooza bvba","Pelgrimstraat, 28","2000 Antwerpen / Anvers","+32 (3) 227.41.42",""
"Van De Merlen/Jurgen [RESTAURANT PAS DE DEUX]","Waalsekaai, 53","2000 Antwerpen / Anvers","+32 (3) 238.04.74",""
"Gregory'S/K.","Hoogstraat, 32","2000 Antwerpen / Anvers","+32 (3) 226.99.34",""
"TENP [L'AMITIE]","Vlaamsekaai, 43","2000 Antwerpen / Anvers","+32 (3) 257.50.05",""
"Comme Chez Fred","Kloosterstraat, 83","2000 Antwerpen / Anvers","+32 (3) 257.14.71",""
"De Pottekijker","Kaasrui, 5","2000 Antwerpen / Anvers","+32 (3) 225.21.97","depottekijker@skynet.be"
"Folies d'Anvers (Restaurant)","Reyndersstraat, 13","2000 Antwerpen / Anvers","+32 (3) 231.71.15","info@foliesdanvers.com"
"Filbru","Graanmarkt, 6","2000 Antwerpen / Anvers","+32 (3) 226.18.20",""
"Paardentrem [PAARDETREM]","Paardenmarkt, 113","2000 Antwerpen / Anvers","+32 (3) 226.18.86",""
"Pizza Fast/Ahmad [PIZZERIA]","Kasteelpleinstraat, 11","2000 Antwerpen / Anvers","+32 (3) 289.71.27",""
"Hansenne/Gwen","Sint-Paulusstraat, 21","2000 Antwerpen / Anvers","+32 (3) 230.39.20",""
"Espresso Shops","Leopoldstraat, 34","2000 Antwerpen / Anvers","+32 (3) 226.75.54",""
"El Pintxo","Riemstraat, 49","2000 Antwerpen / Anvers","+32 (3) 237.06.00","puertadelsol@telenet.be"
"Segers J. [DE KORAAL]","Leeuwenstraat, 1","2000 Antwerpen / Anvers","+32 (3) 226.26.70",""
"Peeters/Yves [GALLO NERO]","Grote Pieter Potstraat, 34","2000 Antwerpen / Anvers","",""
"Decruyenaere/Marc [RENZO]","Kammenstraat, 30","2000 Antwerpen / Anvers","+32 (3) 225.06.10",""
"Weens Huis cv [LEONARDO WIENER KAFFEE]","Hoogstraat, 28","2000 Antwerpen / Anvers","+32 (3) 231.27.13",""
"Pizza E Pasta [PIZZA & PASTA]","Kaasrui, 9","2000 Antwerpen / Anvers","+32 (3) 226.59.35",""
"Pitten & Bonen","Lombardenvest, 31","2000 Antwerpen / Anvers","+32 (3) 213.28.88",""
"Mitrovic/Zorica [TEAROOM VAN HECKE]","Nationalestraat, 88","2000 Antwerpen / Anvers","+32 (3) 233.19.72",""
"Peninsula","Korte Koepoortstraat, 8","2000 Antwerpen / Anvers","+32 (3) 231.04.73",""
"Woolmore/Frank","Amerikalei, 56","2000 Antwerpen / Anvers","+32 (3) 238.43.87",""
"Restaurant Maritime","Suikerrui, 4","2000 Antwerpen / Anvers","",""
"Hayashi","Tabakvest, 85","2000 Antwerpen / Anvers","+32 (3) 234.98.33",""
"Brooderie 't Pain Perduke bvba","Sint-Pietersvliet, 11","2000 Antwerpen / Anvers","+32 (3) 226.14.70",""
"Silveren Claverblat ('t) ['T SILVEREN CLAVERBLAT]","Grote Pieter Potstraat, 16","2000 Antwerpen / Anvers","+32 (3) 231.33.88",""
"Paros","Korte Nieuwstraat, 8","2000 Antwerpen / Anvers","+32 (3) 226.26.18",""
"Verbist/Myriam [EETCAFFEE 'T INJASKE]","Grote Kauwenberg, 5","2000 Antwerpen / Anvers","+32 (3) 234.06.73",""
"Luyts/Evi [GREEN]","Lange Vlierstraat, 33","2000 Antwerpen / Anvers","+32 (3) 213.28.43",""
"Lago bvba [CREMERIE TROPICAL]","Hoogstraat, 66","2000 Antwerpen / Anvers","+32 (3) 232.16.38",""
"Van Gestel/Wim","Leopold de Waelstraat, 28","2000 Antwerpen / Anvers","+32 (3) 294.65.24",""
"Verlinden/Luc","Stijfselstraat, 10","2000 Antwerpen / Anvers","+32 (3) 658.23.17",""
"Vapiano [VAPIANO GROENPLAATS ANTWERPEN NV]","Groenplaats, 8","2000 Antwerpen / Anvers","+32 (3) 707.06.56",""
"Restaurant Lanterna bvba [LANTERNA]","Kasteelpleinstraat, 54","2000 Antwerpen / Anvers","+32 (3) 248.58.36",""
"Restaurant Sir Anthony Van Dijck bvba","Oude Koornmarkt, 16","2000 Antwerpen / Anvers","+32 (3) 231.61.70",""
"Van Haegendoren/Robrecht [BISTRO GOUDEN REAAL]","Kaasstraat, 1","2000 Antwerpen / Anvers","+32 (3) 293.49.64",""
"Emmelsar [GROSSO MODO]","Jezusstraat, 32","2000 Antwerpen / Anvers","+32 (3) 233.90.52",""
"P & R bvba ['T BRABOKE]","Grote Markt, 18","2000 Antwerpen / Anvers","+32 (3) 226.36.16",""
"Yu/P.","Klapdorp, 70","2000 Antwerpen / Anvers","+32 (3) 231.12.83",""
"De Backer-Lipkens/R. [REST. DE KIP]","Oude Koornmarkt, 39","2000 Antwerpen / Anvers","+32 (3) 226.89.56",""
"baris [LA GONDOLA]","Suikerrui, 30","2000 Antwerpen / Anvers","+32 (3) 232.03.40",""
"Osaka","Bollandusstraat, 17","2000 Antwerpen / Anvers","+32 (3) 233.16.22",""
"Bjenn","Kempischdok-Westkaai, 28","2000 Antwerpen / Anvers","+32 (3) 227.27.94",""
"Certes Antwerpen","Falconplein, 20","2000 Antwerpen / Anvers","+32 (3) 290.00.89","take-a-break@telenet.be"
"De Clercq/Olivier [DE CLERCQ OLIVIER]","Kasteelstraat, 57","2000 Antwerpen / Anvers","+32 (3) 237.77.79","info@particolare.be"
"Vanderhaeghe/Jan [MOREL EN SORBIE]","Suikerrui, 26","2000 Antwerpen / Anvers","",""
"Tokyo","Wijngaardstraat, 3","2000 Antwerpen / Anvers","+32 (3) 232.95.65",""
"Las Tapas Amberes","Verschansingstraat, 7","2000 Antwerpen / Anvers","+32 (3) 294.05.12",""
"Spark [FARINE'S]","Vlaamsekaai, 40","2000 Antwerpen / Anvers","+32 (3) 238.30.48",""
"PRI-MA [BELLA CAPRI]","Oude Koornmarkt, 36","2000 Antwerpen / Anvers","+32 (3) 231.23.43",""
"Zuiderterras nv","Sint-Jansvliet, 236/Y","2000 Antwerpen / Anvers","","info@zuiderterras.be"
"De Gouden Ecu [DE GOUDEN ECU OF ECU]","Sint-Michielsstraat, 11","2000 Antwerpen / Anvers","+32 (3) 232.71.25",""
"Gimagi Gastro","Oudeleeuwenrui, 7","2000 Antwerpen / Anvers","+32 (3) 289.91.06",""
"De Smet/Jan ['T SPREEUWKE]","Oude Koornmarkt, 15","2000 Antwerpen / Anvers","+32 (3) 232.34.78",""
"Hofstraat 24, Namnam","Hofstraat, 24","2000 Antwerpen / Anvers","+32 (3) 225.05.44","hofstraat24@skynet.be"
"Ghimar","Waalsekaai, 10","2000 Antwerpen / Anvers","+32 (3) 248.45.40",""
"Sigona/Mario [PASTA DI PAPA]","Tolstraat, 45/A","2000 Antwerpen / Anvers","+32 (3) 237.50.91",""
"Ultimatum [TAVERNE RESERVE]","Grote Markt, 8","2000 Antwerpen / Anvers","+32 (3) 232.58.53",""
"Raemac bvba [RAE'S]","Jezusstraat, 46","2000 Antwerpen / Anvers","+32 (3) 232.34.33",""
"De Kiosk [DE KLEINE KOUS]","Oude Koornmarkt, 73","2000 Antwerpen / Anvers","+32 (3) 234.04.62",""
"Snoeys/Annie [KO-TEE]","Nationalestraat, 80","2000 Antwerpen / Anvers","+32 (3) 232.36.52",""
"Restaurant Transat","Sint-Pietersvliet, 3","2000 Antwerpen / Anvers","+32 (3) 226.10.03","info@transat.be"
"Poco Pazzo","Oudeleeuwenrui, 12","2000 Antwerpen / Anvers","+32 (3) 232.86.82","pazzo@skynet.be"
"Popoff (Restaurant)","Oude Koornmarkt, 18","2000 Antwerpen / Anvers","+32 (3) 232.00.38",""
"Balke/Edward [IZUMI-JAPANS RESTAURANT]","Beeldhouwersstraat, 44","2000 Antwerpen / Anvers","+32 (3) 216.13.79",""
"Ijskreembaar Le Baron Lumar [IJSKREEMBAL LE BARON]","Sint-Katelijnevest, 74","2000 Antwerpen / Anvers","",""
"Express bar","Italiëlei, 124","2000 Antwerpen / Anvers","+32 (3) 293.70.03",""
"Mak Oi/Chu","Italiëlei, 213","2000 Antwerpen / Anvers","+32 (3) 232.89.50",""
"Grand Café Leroy [GRAND CAFE LEROY]","Kasteelpleinstraat, 49","2000 Antwerpen / Anvers","","grandcafeleroy@skynet.be"
"Casa Manuel bvba","Oudeleeuwenrui, 47","2000 Antwerpen / Anvers","",""
"Biensoigné [BIEN SOIGNE]","Kleine Markt, 9","2000 Antwerpen / Anvers","+32 (3) 293.63.81",""
"Vandenberghe/Reinhilde [LETTERNIJEN]","Italiëlei, 28","2000 Antwerpen / Anvers","+32 (3) 663.32.21",""
"Van Mossevelde W. [GRAND CAFE LEROY]","Kasteelpleinstraat, 49","2000 Antwerpen / Anvers","+32 (3) 233.06.17",""
"Cas A.","Melkmarkt, 29","2000 Antwerpen / Anvers","+32 (3) 232.77.06",""
"Den Bacchus [NUYTS INGE]","Napelsstraat, 128","2000 Antwerpen / Anvers","+32 (3) 770.50.83",""
"Ice Melkmarkt [AUSTRALIAN HOME MADE ICECREAM]","Melkmarkt, 44","2000 Antwerpen / Anvers","+32 (3) 231.17.37",""
"Bistro Gerlach","De Gerlachekaai, 11","2000 Antwerpen / Anvers","+32 (3) 248.19.87","info@gerlache.be"
"Snackske ('t) [JANSSEN CHRISTOFF]","Amerikalei, 83","2000 Antwerpen / Anvers","+32 (3) 237.36.57",""
"Parte A Louis [TARTE A LOUIS]","Amsterdamstraat, 41","2000 Antwerpen / Anvers","+32 (3) 293.59.63",""
"Restaurant Casa Julian","Italiëlei, 32","2000 Antwerpen / Anvers","+32 (3) 232.07.29",""
"Neuze Neuze bvba","Wijngaardstraat, 19","2000 Antwerpen / Anvers","+32 (3) 232.57.83",""
"Restaurant Bernardin","Sint-Jacobsstraat, 17","2000 Antwerpen / Anvers","+32 (3) 213.07.00",""
"Restaurant Fez/Hadnan","Kloosterstraat, 52","2000 Antwerpen / Anvers","+32 (3) 288.63.18",""
"Tiboni M. [MARIO]","Kammenstraat, 71","2000 Antwerpen / Anvers","+32 (3) 226.02.95",""
"Dyck/Tom [LUNCH BOX]","Nieuwstad, 10","2000 Antwerpen / Anvers","+32 (3) 231.04.79",""
"Van Hoorick/Erik [STOMACHUS]","Oudevaartplaats, 62","2000 Antwerpen / Anvers","+32 (3) 232.18.17",""
"Restaurant Ulcke Van Zurich [ULCKE VAN ZURICH]","Oude Beurs, 50","2000 Antwerpen / Anvers","+32 (3) 234.04.94",""
"Gharafi/Soufian [EMERAUDE]","Beddenstraat, 2","2000 Antwerpen / Anvers","+32 (3) 225.35.85",""
"nv Passage [PASSAGE]","Beddenstraat, 2","2000 Antwerpen / Anvers","",""
"Pizza Fast [PIZZERIA]","Kasteelpleinstraat, 11","2000 Antwerpen / Anvers","+32 (3) 294.75.98",""
"Het Fondueke","Oude Koornmarkt, 38","2000 Antwerpen / Anvers","+32 (3) 233.53.82",""
"A La Ville","Zirkstraat, 37","2000 Antwerpen / Anvers","+32 (3) 225.08.82",""
"Gharafi/Soufian [RESTAURANT Z'HOOR]","Verschansingstraat, 28","2000 Antwerpen / Anvers","+32 (3) 238.88.30",""
"Hopland","Hopland, 51","2000 Antwerpen / Anvers","+32 (3) 231.24.31",""
"Bel-Air","Jezusstraat, 20","2000 Antwerpen / Anvers","+32 (3) 226.04.65",""
"Hannekesnest Den","Bordeauxstraat, 7/B","2000 Antwerpen / Anvers","+32 (3) 226.70.23","rveetv@skynet.be"
"Lunch Garden","Meir, 82","2000 Antwerpen / Anvers","+32 (3) 227.48.96",""
"Valencia Restaurant gcv, Restaurant Valencia Antwerpen","Oudeleeuwenrui, 26","2000 Antwerpen / Anvers","+32 (3) 233.00.71",""
"Wappertien bvba [10 VOOR 12-WAPPERTIEN]","Wapper, 10","2000 Antwerpen / Anvers","+32 (3) 227.32.52",""
"Brasserie Appelmans [APPELMANS]","Papenstraatje, 1","2000 Antwerpen / Anvers","+32 (3) 226.20.22","info@brasserieappelmans.be, info@absinthbar.be"
"Desire De Lille","Schrijnwerkersstraat, 16","2000 Antwerpen / Anvers","+32 (3) 233.62.26",""
"Bradvica Dragica","Oude Koornmarkt, 65","2000 Antwerpen / Anvers","+32 (3) 234.24.94",""
"Den Bolhoed bvba","Sudermanstraat, 1","2000 Antwerpen / Anvers","+32 (3) 231.45.35","zaal.jacob@pandora.be"
"Micron [BREAKPOINT]","Hoogstraat, 39","2000 Antwerpen / Anvers","+32 (3) 288.75.54",""
"Flamant [FLAMANT HOME INTERIORS]","Lange Gasthuisstraat, 12","2000 Antwerpen / Anvers","+32 (3) 226.77.60",""
"Mina","Lange Koepoortstraat, 30","2000 Antwerpen / Anvers","+32 (3) 226.67.73",""
"Segers/Antoon [DE KORAAL]","Leeuwenstraat, 1","2000 Antwerpen / Anvers","+32 (3) 234.35.21",""
"Kasa Horeca [HECKER]","Kloosterstraat, 13","2000 Antwerpen / Anvers","+32 (3) 234.38.34",""
"Van der Hoeven R. [ST ANN'S CHAPEL-CARIBBIEAN INN]","Korte Nieuwstraat, 20","2000 Antwerpen / Anvers","+32 (3) 231.03.77",""
"Grootaert/Philippe [P'ZINK]","Veemarkt, 8","2000 Antwerpen / Anvers","+32 (3) 288.80.45",""
"De Kleine Zavel [BURTON BVBA]","Stoofstraat, 2","2000 Antwerpen / Anvers","+32 (3) 231.96.91",""
"De Confiance [RESTAURANT DE CONFIANCE]","Suikerrui, 26","2000 Antwerpen / Anvers","+32 (3) 232.24.34","hendrik.vanderhaeghe@skynet.be"
"Caramba bvba","Kaasrui, 6","2000 Antwerpen / Anvers","+32 (3) 231.46.56",""
"Claes/Victor [DEJAVUE]","Stadswaag, 13","2000 Antwerpen / Anvers","+32 (3) 296.19.98",""
"L'Osteria","Haarstraat, 3","2000 Antwerpen / Anvers","+32 (3) 231.76.96","info@mangiaebevi.be"
"Bistro (The)","Wapper, 1/A","2000 Antwerpen / Anvers","+32 (3) 232.36.75","thebistro@thebistro.be"
"BRIKKE [PATERSVAETJE]","Blauwmoezelstraat, 1","2000 Antwerpen / Anvers","",""
"Tartufo [P.R.T.]","Kasteelstraat, 58","2000 Antwerpen / Anvers","+32 (3) 237.51.23",""
"Marnicx [CITY ZEN]","Marnixplaats, 6","2000 Antwerpen / Anvers","+32 (3) 257.18.10",""
"THAI THAI SIMPLE [THAI-THAI-SIMPLE]","Amerikalei, 2","2000 Antwerpen / Anvers","",""
"Velvet Lounge [RIVER CAFE]","Luikstraat, 6","2000 Antwerpen / Anvers","+32 (3) 237.39.78",""
"Chilli Club [APPELMANS]","Papenstraatje, 1","2000 Antwerpen / Anvers","+32 (3) 226.20.22","info@brasserieappelmans.be, info@absinthbar.be"
"Van Serveyt/Bart","Lange Doornikstraat, 15","2000 Antwerpen / Anvers","+32 (3) 231.28.38",""
"Brion/Simonne [TASTE & FRIENDSHIP]","Rijnkaai, 37","2000 Antwerpen / Anvers","+32 (3) 290.33.58","taste.friendship@gmail.com"
"De Arme Duivel","Armeduivelstraat, 1","2000 Antwerpen / Anvers","+32 (3) 232.26.98",""
"Sombat Restaurant","Vleeshuisstraat, 1","2000 Antwerpen / Anvers","",""
"Het Gebaar","Leopoldstraat, 24","2000 Antwerpen / Anvers","+32 (3) 293.72.32",""
"Steinberger/Gaby","Waalsekaai, 59","2000 Antwerpen / Anvers","+32 (3) 293.30.52",""
"Verberght/Edwin","Paardenmarkt, 113","2000 Antwerpen / Anvers","+32 (3) 213.04.37",""
"Bocken, Bocken Henriette/Henriette [DE GOUDEN ECU OF ECU]","Sint-Michielsstraat, 11","2000 Antwerpen / Anvers","+32 (3) 232.71.25",""
"Tavola Italiano (La)","Zirkstraat, 45","2000 Antwerpen / Anvers","+32 (3) 231.82.93",""
"Hof van Eden (Restaurant) ['T HOF VAN EDEN]","Groenplaats, 11","2000 Antwerpen / Anvers","+32 (3) 232.50.92",""
"La Moule Parquee bvba","Wapenstraat, 18","2000 Antwerpen / Anvers","+32 (3) 237.94.11",""
"Houten Clara","Graanmarkt, 15","2000 Antwerpen / Anvers","+32 (3) 233.14.08",""
"Beyram/Mansour [THALAMUS]","Mechelseplein, 19","2000 Antwerpen / Anvers","+32 (3) 226.96.50",""
"Restaurant Bassin [CHEZ FL'EAU]","Tavernierkaai, 1","2000 Antwerpen / Anvers","+32 (3) 225.36.37",""
"Kelleman [CROISSANTY]","Melkmarkt, 1","2000 Antwerpen / Anvers","+32 (3) 226.36.60",""
"Cajun Queen Europe","Grote Markt, 44","2000 Antwerpen / Anvers","+32 (3) 226.17.88",""
"Garden of India","Oude Koornmarkt, 60","2000 Antwerpen / Anvers","+32 (3) 226.43.42",""
"Tikanis","Maarschalk Gérardstraat, 23","2000 Antwerpen / Anvers","+32 (3) 232.45.40",""
"Pic-a-dent [PIC-A-DENT]","Oudevaartplaats, 10","2000 Antwerpen / Anvers","+32 (3) 485.82.69",""
"Bistrorant 't Hofke ['T HOFKE]","Oude Koornmarkt, 16","2000 Antwerpen / Anvers","+32 (3) 233.86.06",""
"Keravikske ('t) ['T KERAVIKSKE]","Sint-Aldegondiskaai, 60","2000 Antwerpen / Anvers","+32 (3) 232.82.87",""
"Bij Lam en Yin [BIJ LAM & YIN]","Reyndersstraat, 17","2000 Antwerpen / Anvers","+32 (3) 232.88.38",""
"De Reddende Engel","Torfbrug, 3","2000 Antwerpen / Anvers","+32 (3) 233.66.30",""
"Michel Campo","Oudeleeuwenrui, 5","2000 Antwerpen / Anvers","+32 (3) 213.13.27","mcampo@skynet.be"
"Red Horse","Huidevettersstraat, 58","2000 Antwerpen / Anvers","+32 (3) 231.18.52",""
"Via-Via [RESTAURANT IV APOSTEL]","Pelgrimstraat, 7","2000 Antwerpen / Anvers","+32 (3) 226.52.42","viavia@skynet.be"
"Vercruyssen/Filip","Korte Gasthuisstraat, 10","2000 Antwerpen / Anvers","",""
"Trippel 666 [FOOD ROOM XOCOLATE]","Pelgrimstraat, 2","2000 Antwerpen / Anvers","+32 (3) 225.06.66",""
"Sükran [WATERPOORT]","Gillisplaats, 7","2000 Antwerpen / Anvers","+32 (3) 216.10.79",""
"Bleekhof nv","Vekestraat, 34","2000 Antwerpen / Anvers","",""
"Verbruggen/Joris","Museumstraat, 1","2000 Antwerpen / Anvers","+32 (3) 248.49.54",""
"To Kit/Sheung [ZIJDE BOETIEK]","Meirbrug, 2","2000 Antwerpen / Anvers","+32 (3) 213.06.35",""
"De Baritons","Sint-Jansvliet, 23","2000 Antwerpen / Anvers","+32 (3) 231.13.27",""
"On Top België BV [ON TOP BELGIE]","Groenplaats, 30","2000 Antwerpen / Anvers","+32 (3) 226.58.89",""
"Ramos/Joseph","Mutsaardstraat, 15","2000 Antwerpen / Anvers","+32 (3) 289.65.73",""
"Boon","Leopoldplaats, 12","2000 Antwerpen / Anvers","+32 (3) 232.69.90",""
"Ile Perdu (restaurant L') [L'ILE PERDUE]","Amsterdamstraat, 33","2000 Antwerpen / Anvers","+32 (3) 213.17.37","ileperdue@pandora.be"
"van Gastel/Sara [CHINOIS]","Sint-Jorispoort, 17","2000 Antwerpen / Anvers","",""
"'t Braboke - De Groelard/Philip","Grote Markt, 18","2000 Antwerpen / Anvers","",""
"Troubadour","Handschoenmarkt, 15","2000 Antwerpen / Anvers","+32 (3) 227.09.69",""
"Le Petit Zinc bvba [P'ZINK]","Veemarkt, 9","2000 Antwerpen / Anvers","+32 (3) 213.19.08","philippe.grootaert@pandora.be"
"Baggetje ('t) bvba ['T BAGGETJE BVBA]","Kipdorpbrug, 10","2000 Antwerpen / Anvers","+32 (3) 233.35.38",""
"Chez Raoul [BISTROT RAOUL]","Vlasmarkt, 21","2000 Antwerpen / Anvers","+32 (3) 213.09.77",""
"Trefpunt De Vliet [TAVERNE TREFPUNT DE VLIET]","Sint-Jansvliet, 21","2000 Antwerpen / Anvers","+32 (3) 233.14.92",""
"To Wai/Chung [MOON HOUSE]","Klapdorp, 80","2000 Antwerpen / Anvers","+32 (3) 226.02.89",""
"Terra Meiga","Vlaamsekaai, 64","2000 Antwerpen / Anvers","+32 (3) 248.73.71",""
"Bokhorst/J. [RESTAURANT AURELIA]","Wijngaardstraat, 22","2000 Antwerpen / Anvers","+32 (3) 233.62.59",""
"Vast [DAGELINCKX]","Verlatstraat, 22","2000 Antwerpen / Anvers","+32 (3) 238.76.01",""
"Warsteinertaverne [WARSTEINER TAVERN]","Beddenstraat, 2","2000 Antwerpen / Anvers","+32 (3) 233.03.76",""
"Bajan ['T GALJOEN]","Sint-Michielskaai, 36","2000 Antwerpen / Anvers","+32 (3) 237.72.90",""
"Gulden Beer","Grote Markt, 14","2000 Antwerpen / Anvers","+32 (3) 226.08.41",""
"Loran nv [HET FONDUEKE]","Oude Koornmarkt, 38","2000 Antwerpen / Anvers","+32 (3) 231.50.59",""
"Puszta","Bordeauxstraat, 11","2000 Antwerpen / Anvers","+32 (3) 203.09.05",""
"Ragueneau bvba","Leopold de Waelstraat, 7","2000 Antwerpen / Anvers","+32 (3) 238.05.71",""
"Dejavu/Bistro [DEJAVUE]","Stadswaag, 13","2000 Antwerpen / Anvers","",""
"Van Dyck/Paul","Kipdorp, 39","2000 Antwerpen / Anvers","+32 (3) 233.36.60",""
"Bon Bini","Paardenmarkt, 72","2000 Antwerpen / Anvers","+32 (3) 770.86.46",""
"Wokagogo","Suikerrui, 16","2000 Antwerpen / Anvers","+32 (3) 231.87.16",""
"Horta nv [GRAND CAFE HORTA]","Hopland, 2","2000 Antwerpen / Anvers","+32 (3) 232.28.15","info@grandcafehorta.be"
"Sint Mathijs (Tapabar) [ST. MATHIJS]","Pelgrimstraat, 21","2000 Antwerpen / Anvers","+32 (3) 234.01.22","info@tapa-bar.be"
"Black Diamond","Amerikalei, 72","2000 Antwerpen / Anvers","+32 (3) 257.06.66",""
"JK [C-FOOD]","Riemstraat, 2","2000 Antwerpen / Anvers","+32 (3) 257.22.81",""
"Da Antonio","Grote Markt, 6","2000 Antwerpen / Anvers","+32 (3) 232.17.07",""
"Trianon bvba","Jezusstraat, 19","2000 Antwerpen / Anvers","",""
"Restaurant Het Peerd [BIJ DE FIK]","Paardenmarkt, 53","2000 Antwerpen / Anvers","","resto-t-peerd@yahoo.com"
"I.N.S.T.","Kipdorpbrug, 8","2000 Antwerpen / Anvers","+32 (3) 234.22.34",""
"Bistro Vix [VIX]","Verbondstraat, 1","2000 Antwerpen / Anvers","+32 (3) 238.24.00",""
"Le Baron [IJSKREEMBAL LE BARON]","Sint-Katelijnevest, 74","2000 Antwerpen / Anvers","",""
"Vandepitte/Anthony [REST DER LEIEN]","Britselei, 49","2000 Antwerpen / Anvers","+32 (3) 288.66.95",""
"QILIN","Willem Ogierplaats, 2","2000 Antwerpen / Anvers","+32 (3) 234.97.42",""
"VAN DEN PUTTE/VICTOR ['T KERAVIKSKE]","Sint-Aldegondiskaai, 60","2000 Antwerpen / Anvers","",""
"Het Hemelse Gerecht [RESTAURANT KWAZIMODO]","Lijnwaadmarkt, 3","2000 Antwerpen / Anvers","+32 (3) 231.29.27",""
"De Vitis/Antonis","Grote Markt, 6","2000 Antwerpen / Anvers","+32 (3) 232.77.40",""
"Buttons/Pascale","Zirkstraat, 44","2000 Antwerpen / Anvers","+32 (3) 231.47.51",""
"Toros BVBA [PIZZERIA DELSUD]","Oude Koornmarkt, 5","2000 Antwerpen / Anvers","+32 (3) 226.52.45","delsudclassico@hotmail.com"
"STOHN-RESTAURANT","Graaf van Egmontstraat, 2","2000 Antwerpen / Anvers","+32 (3) 237.25.95",""
"De Herdt H. [TRIANON]","Jezusstraat, 19","2000 Antwerpen / Anvers","+32 (3) 225.19.04",""
"Hehuat/Mercy","Leopold de Waelstraat, 2","2000 Antwerpen / Anvers","+32 (3) 290.05.97",""
"Hehuat M.","Leopold de Waelstraat, 2","2000 Antwerpen / Anvers","+32 (3) 238.56.97",""
"Bizzie Lizzie","Vlaamsekaai, 16","2000 Antwerpen / Anvers","+32 (3) 238.61.97","bizzielizzie@popmail.com"
"Vanblo/Erwin [GONDOLA]","Godefriduskaai, 10","2000 Antwerpen / Anvers","+32 (3) 290.88.85",""
"Tezerdi/Ezgi","Volkstraat, 31","2000 Antwerpen / Anvers","+32 (3) 238.75.91",""
"'t Putteke/Steven ['T PUTKE]","Maalderijstraat, 4","2000 Antwerpen / Anvers","+32 (3) 289.93.13",""
"Palit [CASTELLINO]","Groenplaats, 28","2000 Antwerpen / Anvers","+32 (3) 232.82.96",""
"On Top België BV [ON TOP BELGIE]","Schrijnwerkersstraat, 6","2000 Antwerpen / Anvers","+32 (3) 225.26.21",""
"Vandenberk/Anne Mie [L'OSTERIA]","Otto Veniusstraat, 24","2000 Antwerpen / Anvers","+32 (3) 238.25.71",""
"Ferrier 30","Leopold de Waelplaats, 30","2000 Antwerpen / Anvers","+32 (3) 216.99.94",""
"Restaurant Dua-Gomez [RESTAURANT DUA-GOMEZ BVBA]","Verbondstraat, 41","2000 Antwerpen / Anvers","+32 (3) 237.36.99",""
"Tmimi/Laila ['T HOFKE]","Oude Koornmarkt, 16","2000 Antwerpen / Anvers","",""
"Aerts Food","Brouwersvliet, 30","2000 Antwerpen / Anvers","+32 (3) 226.91.13",""
"Van overloop/Steven [VAN OVERLOOP STEVEN]","Vlasmarkt, 14","2000 Antwerpen / Anvers","+32 (3) 290.83.03",""
"t Koemmeke soep/Paul ['T KOEMMEKE SOEP]","Rodestraat, 6","2000 Antwerpen / Anvers","+32 (3) 232.81.49",""
"Piccoli Snack-Bar","Jezusstraat, 35","2000 Antwerpen / Anvers","+32 (3) 232.32.91",""
"De Kip [REST. DE KIP]","Oude Koornmarkt, 39","2000 Antwerpen / Anvers","+32 (3) 225.30.22",""
"Het Vermoeide Model","Lijnwaadmarkt, 2","2000 Antwerpen / Anvers","+32 (3) 233.52.61",""
"La Bella Sicula","Italiëlei, 38","2000 Antwerpen / Anvers","+32 (3) 233.34.73",""
"In de schaduw van de kathedraal","Handschoenmarkt, 17","2000 Antwerpen / Anvers","+32 (3) 226.88.14","indeschaduwvandekathedraal@pandora.be"
"Pizzeria Pepino","Gillisplaats, 4","2000 Antwerpen / Anvers","+32 (3) 248.47.49",""
"G & P Projects [GUYLIAN]","Komedieplaats, 15","2000 Antwerpen / Anvers","+32 (3) 232.18.58",""
"Van De Vliet ['T HOFKE]","Oude Koornmarkt, 16","2000 Antwerpen / Anvers","+32 (3) 233.86.06",""
"Liferecycle","Graaf van Egmontstraat, 60","2000 Antwerpen / Anvers","+32 (3) 257.76.78",""
"La Meridiana Fashion [MATTERHORN]","Huidevettersstraat, 51","2000 Antwerpen / Anvers","+32 (3) 475.19.58",""
"Kepa [RESTAURANT ROODEN HOED]","Oude Koornmarkt, 25","2000 Antwerpen / Anvers","+32 (3) 233.28.44","info@roodenhoed.be"
"Studio Bazaar/Ludo","Waalsekaai, 54","2000 Antwerpen / Anvers","",""
"De Wilde Zee (Restaurant) [IMMOLUX]","Lombardenvest, 45","2000 Antwerpen / Anvers","+32 (3) 231.47.34","info@wilde-zee.be"
"Hippodroom [HYPPODROOM]","Leopold de Waelplaats, 10","2000 Antwerpen / Anvers","",""
"Zuiderterras","Sint-Jansvliet, 236/Y","2000 Antwerpen / Anvers","+32 (3) 234.12.75","info@zuiderterras.be"
"Mai Thai","Vlasmarkt, 7","2000 Antwerpen / Anvers","+32 (3) 225.16.87",""
"Zeppos bvba [K. ZEPPOS]","Vleminckveld, 78","2000 Antwerpen / Anvers","+32 (3) 227.21.23",""
"Ongena/Yvonne [BAGETERIE]","Napelsstraat, 110","2000 Antwerpen / Anvers","",""
"Dal Dottore & Co","Tabakvest, 93","2000 Antwerpen / Anvers","+32 (3) 232.70.10",""
"Nuevo Las Manas nv","Ankerrui, 36","2000 Antwerpen / Anvers","+32 (3) 233.65.28",""
"Huijbregts-Heirwegh/Andries [FIRMA HURO NV]","Stoofstraat, 6","2000 Antwerpen / Anvers","+32 (3) 234.17.20",""
"Brikke","Blauwmoezelstraat, 1","2000 Antwerpen / Anvers","+32 (3) 231.84.76",""
"Express1 [DE SINJOOR]","Oude Koornmarkt, 31","2000 Antwerpen / Anvers","+32 (3) 213.22.15",""
"Cammerpoorte (Hotel) [GOJA]","Nationalestraat, 38","2000 Antwerpen / Anvers","+32 (3) 231.97.36","info@hotelcammerpoorte.be"
"De Herdt/Adolf [TRIANON]","Jezusstraat, 19","2000 Antwerpen / Anvers","+32 (3) 233.37.62",""
"Vanservyt/Barth [CUTZZ]","Lange Nieuwstraat, 15","2000 Antwerpen / Anvers","+32 (3) 294.56.64",""
"R.V.R.","Melkmarkt, 13","2000 Antwerpen / Anvers","+32 (3) 290.47.88",""
"Braeckmans/Annick ['T TEEKAFE]","Jezusstraat, 8","2000 Antwerpen / Anvers","+32 (3) 225.02.06",""
"De Coninck/Dimitri","Italiëlei, 177","2000 Antwerpen / Anvers","+32 (3) 297.56.42",""
"Midi [CARLTON]","Volkstraat, 69","2000 Antwerpen / Anvers","+32 (3) 248.81.89",""
"Wereld Van Kocagne","Graaf van Egmontstraat, 19","2000 Antwerpen / Anvers","+32 (3) 293.51.15","jurgen_pauwels@hotmail.com"
"Somsangar W. [RESTAURANT DEN HAVERBAK]","Vlaamsekaai, 14","2000 Antwerpen / Anvers","+32 (3) 237.46.51","kwai@telenet.be"
"Hansa Huis [STADSCAFE]","Suikerrui, 5","2000 Antwerpen / Anvers","+32 (3) 231.22.34",""
"Chicco di Café [CHICCO DI CAFFE]","Wiegstraat, 14","2000 Antwerpen / Anvers","+32 (3) 225.59.29",""
"Gouden Reaal [BISTRO GOUDEN REAAL]","Kaasstraat, 1","2000 Antwerpen / Anvers","+32 (3) 233.18.60",""
"Verhoeven/Tania [CUCINA DI TANIA]","Ankerrui, 56","2000 Antwerpen / Anvers","+32 (3) 232.88.81",""
"Mangerie Den Dobbelsteen","Pelgrimstraat, 30","2000 Antwerpen / Anvers","+32 (3) 227.25.18",""
"L'Anvercois [DE CEL]","Kipdorp, 61","2000 Antwerpen / Anvers","+32 (3) 227.16.26",""
"Peeters/Jan-K","Italiëlei, 98","2000 Antwerpen / Anvers","+32 (3) 234.18.92",""
"Eethuisje t'neuzeke [CAFE 'T NEUZEKE]","Prekersstraat, 40","2000 Antwerpen / Anvers","+32 (3) 257.23.27",""
"CAFEDELUX","Melkmarkt, 18","2000 Antwerpen / Anvers","+32 (3) 232.17.66",""
"Van Den Eynde/Andre","Amerikalei, 206","2000 Antwerpen / Anvers","+32 (3) 248.00.03",""
"Facade cv","Hendrik Conscienceplein, 18","2000 Antwerpen / Anvers","+32 (3) 233.59.31",""
"Maes/Anita","Louizastraat, 3","2000 Antwerpen / Anvers","+32 (3) 232.37.48",""
"De Wandelaar","Falconplein, 49","2000 Antwerpen / Anvers","+32 (3) 231.78.74",""
"Engels/Erik","Oudevaartplaats, 10","2000 Antwerpen / Anvers","",""
"Ceyda bvba [LA TORRE]","Handschoenmarkt, 14","2000 Antwerpen / Anvers","+32 (3) 232.06.30",""
"ISSA","Kronenburgstraat, 65","2000 Antwerpen / Anvers","+32 (3) 257.58.65",""
"Oliver's gcv","Korte Winkelstraat, 10","2000 Antwerpen / Anvers","",""
"Hooyberghs/Frans","Klapdorp, 21","2000 Antwerpen / Anvers","+32 (3) 231.36.32",""
"A.P.M. Antwerpse Pasta Maatschappij bvba, A.P.M.","Oude Koornmarkt, 32","2000 Antwerpen / Anvers","+32 (3) 233.17.76",""
"Daems/Ulrich [NO PROBLEM]","Ernest Van Dijckkaai, 26","2000 Antwerpen / Anvers","",""
"De Clercq/Olivier","Italiëlei, 50","2000 Antwerpen / Anvers","+32 (3) 227.34.38",""
"Yu Siu/K.","Klapdorp, 70","2000 Antwerpen / Anvers","+32 (3) 234.21.96",""
"Philrest nv [MC DONALDS]","Groenplaats, 17","2000 Antwerpen / Anvers","+32 (3) 232.20.16",""
"Het Gerecht","Amerikalei, 20","2000 Antwerpen / Anvers","+32 (3) 248.79.28","restaurant@hetgerecht.be"
"Irem","Sint-Jansvliet, 17","2000 Antwerpen / Anvers","+32 (3) 475.97.12",""
"Exki","Wiegstraat, 7","2000 Antwerpen / Anvers","+32 (3) 213.08.57",""
"Zolderke ('t) [DE KLEINE CHABLIS]","Hoofdkerkstraat, 7","2000 Antwerpen / Anvers","+32 (3) 233.84.27","bart.wimer@telenet.be"
"Geevers/Koen","Otto Veniusstraat, 5","2000 Antwerpen / Anvers","+32 (3) 293.81.23",""
"L'Osteria","Haarstraat, 8","2000 Antwerpen / Anvers","+32 (3) 231.76.98",""
"Residentie I-Lo [HET FESTIJN JO & LO]","Napelsstraat, 63","2000 Antwerpen / Anvers","+32 (3) 232.08.47",""
"Het Nieuwe Palinghuis (Rest.)","Sint-Jansvliet, 14","2000 Antwerpen / Anvers","+32 (3) 231.74.45",""
"Dejavu [DEJAVUE]","Stadswaag, 13","2000 Antwerpen / Anvers","+32 (3) 234.37.18",""
"Timmermans Georgette [DE GRANAETAPPEL]","Hoogstraat, 30","2000 Antwerpen / Anvers","+32 (3) 293.39.85",""
"Tramezzini","Gijzelaarsstraat, 58","2000 Antwerpen / Anvers","+32 (3) 257.09.57","nabilla_ad@hotmail.com"
"Manderveld/Luc","De Vrierestraat, 4","2000 Antwerpen / Anvers","+32 (3) 226.74.40",""
"Stuart/Kasper [DE WOK EN 'T TAFELDIER]","Gentplaats, 1","2000 Antwerpen / Anvers","+32 (3) 288.08.14","info@taste.nu"
"Metin","Paardenmarkt, 1","2000 Antwerpen / Anvers","+32 (3) 231.36.34",""
"Mahler-Todaro/A.","Ankerrui, 50","2000 Antwerpen / Anvers","+32 (3) 233.14.85",""
"Wah-Kel (Restaurant) [RESTAURANT WAH KEL]","Verversrui, 32","2000 Antwerpen / Anvers","+32 (3) 233.64.26",""
"Invincible","Pacificatiestraat, 3","2000 Antwerpen / Anvers","+32 (3) 294.48.78",""
"Restogere nv [RESTAURANT DEN HAVERBAK]","Vlaamsekaai, 14","2000 Antwerpen / Anvers","+32 (3) 238.35.39",""
"De Zink [P'ZINK]","Veemarkt, 9","2000 Antwerpen / Anvers","+32 (3) 707.25.50",""
"Wok - U [WOK-A-WAY]","Groendalstraat, 12","2000 Antwerpen / Anvers","+32 (3) 213.13.13","info.antwerpen@wokaway.com"
"Ozer/Elif [DANSING CHOCOLA]","Kloosterstraat, 159","2000 Antwerpen / Anvers","",""
"Man Ley","Paardenmarkt, 44","2000 Antwerpen / Anvers","+32 (3) 226.32.70",""
"Au Vieux Port","Napelsstraat, 130","2000 Antwerpen / Anvers","+32 (3) 290.77.11",""
"PATIO","Sint-Katelijnevest, 50","2000 Antwerpen / Anvers","+32 (3) 227.21.71",""
"Delifrance Restaurants Belgium","Meir, 26","2000 Antwerpen / Anvers","+32 (3) 233.77.34","info@delifrance.be"
"Yamada","Kronenburgstraat, 31","2000 Antwerpen / Anvers","+32 (3) 226.62.42",""
"Katco bvba [LAS VEGAS]","Melkmarkt, 26","2000 Antwerpen / Anvers","+32 (3) 232.64.01",""
"Gerlach","De Gerlachekaai, 11","2000 Antwerpen / Anvers","+32 (3) 248.19.87","info@gerlache.be"
"LaRiva","Londenstraat, 52","2000 Antwerpen / Anvers","+32 (3) 225.01.02",""
"Verhack/Stéphanie","Korte Sint-Annastraat, 7","2000 Antwerpen / Anvers","+32 (3) 213.37.20",""
"Mata Mata & Pili Pili bvba [AL MEZZA]","Hoogstraat, 44","2000 Antwerpen / Anvers","+32 (3) 213.19.28",""
"Heirman-Vermeiren/Jurgen-Els","Oude Koornmarkt, 22","2000 Antwerpen / Anvers","+32 (3) 290.55.29",""
"Sinjoor (Restaurant) [AMADEUS]","Sint-Paulusplaats, 20","2000 Antwerpen / Anvers","+32 (3) 232.25.77",""
"De broers van Julienne [BROERS VAN JULIENNE]","Kasteelpleinstraat, 45","2000 Antwerpen / Anvers","+32 (3) 232.02.03",""
"Hessenhuis [CAFETARIA HESSENHUIS]","Falconrui, 53","2000 Antwerpen / Anvers","+32 (3) 231.13.56",""
"Mercam [AL DENTE]","Vlaamsekaai, 52","2000 Antwerpen / Anvers","+32 (3) 237.09.90",""
"Fiskeba [FISKEBAR]","Marnixplaats, 12","2000 Antwerpen / Anvers","+32 (3) 257.13.57",""
"Saffraan","Geuzenstraat, 15","2000 Antwerpen / Anvers","+32 (3) 237.66.56",""
"Singha","Vleeshuisstraat, 1","2000 Antwerpen / Anvers","+32 (3) 231.25.74",""
"Zoute Zoen (Le) [RESTAURANT ZIRK]","Zirkstraat, 17","2000 Antwerpen / Anvers","+32 (3) 226.92.20",""
"Erik bvba","Waalsekaai, 35","2000 Antwerpen / Anvers","+32 (3) 248.24.47",""
"Xaverius Eetcafé","Handschoenmarkt, 16","2000 Antwerpen / Anvers","",""
"ANTWERP RIVERSIDE","Suikerrui, 1","2000 Antwerpen / Anvers","+32 (3) 289.69.02","antwerpriverside@hotmail.com"
"De Lantaren","Haarstraat, 14","2000 Antwerpen / Anvers","+32 (3) 233.83.65",""
"Jans/Jean-Marie","Klapdorp, 91","2000 Antwerpen / Anvers","",""
"D'offis","Waalsekaai, 28","2000 Antwerpen / Anvers","+32 (3) 216.10.12",""
"Nivo 16 [LAIT RUSSE]","Falconplein, 16","2000 Antwerpen / Anvers","",""
"MO MADE","Volkstraat, 63","2000 Antwerpen / Anvers","+32 (3) 290.48.30",""
"Mamado bvba","Hendrik Conscienceplein, 13","2000 Antwerpen / Anvers","+32 (3) 231.96.61",""
"Lagoon bvba [GULDEN SWAENE]","Hendrik Conscienceplein, 15","2000 Antwerpen / Anvers","",""
"IBO [MURADIM]","Gijzelaarsstraat, 4","2000 Antwerpen / Anvers","+32 (3) 237.05.33",""
"Cetin/Nofel","Gillisplaats, 5","2000 Antwerpen / Anvers","+32 (3) 237.35.99",""
"Govaerts H.","Korte Sint-Annastraat, 9","2000 Antwerpen / Anvers","+32 (3) 225.08.47",""
"Ilha Formosa/Ilha","Grote Pieter Potstraat, 20","2000 Antwerpen / Anvers","+32 (3) 290.47.30",""
"Spaghettiworld","Oude Koornmarkt, 66","2000 Antwerpen / Anvers","+32 (3) 234.38.01",""
"In de schaduw van de kathedraal","Handschoenmarkt, 19","2000 Antwerpen / Anvers","+32 (3) 232.40.14","indeschaduwvandekathedraal@pandora.be"
"Cafenova bvba","Pelgrimstraat, 17","2000 Antwerpen / Anvers","",""
"Restaurant Lids// [LIDS]","Veemarkt, 4","2000 Antwerpen / Anvers","+32 (3) 288.83.10","lids@pandora.be"
"Lukin/Marko [DUBROVNIK]","Nationalestraat, 151","2000 Antwerpen / Anvers","",""
"Kumpir","Grote Markt, 58","2000 Antwerpen / Anvers","+32 (3) 233.20.03",""
"San Marco","Eiermarkt, 3","2000 Antwerpen / Anvers","+32 (3) 707.10.34",""
"Van Dongen/Adrianus","Kipdorp, 39","2000 Antwerpen / Anvers","+32 (3) 293.86.54",""
"Hungry Henrietta bvba","Lombardenvest, 19","2000 Antwerpen / Anvers","+32 (3) 232.29.28",""
"Bouffe@Bollinger N.V. [BOUFFE & B]","Theaterplein, 1","2000 Antwerpen / Anvers","+32 (3) 289.27.50",""
"REST NUEVO LAS MANAS/MIGUEL ESPANTOSO MENDEZ [NUEVO LAS MANAS]","Ankerrui, 34","2000 Antwerpen / Anvers","",""
"La Luna","Italiëlei, 177","2000 Antwerpen / Anvers","+32 (3) 232.23.44",""
"scheurkogel/karin [JAM]","Wolstraat, 47","2000 Antwerpen / Anvers","+32 (3) 233.36.12",""
"QPQR [I FAMOSI]","Steenbergstraat, 11","2000 Antwerpen / Anvers","+32 (3) 231.29.01",""
"Wouters/Bert [DEN DREMPEL]","Korte Nieuwstraat, 28","2000 Antwerpen / Anvers","",""
"Kommilfoo","Vlaamsekaai, 17","2000 Antwerpen / Anvers","+32 (3) 237.30.00",""
"Kah [YOKOHAMA]","Ernest Van Dijckkaai, 13","2000 Antwerpen / Anvers","+32 (3) 231.91.08",""
"L'artista","Klapdorp, 121","2000 Antwerpen / Anvers","+32 (3) 227.55.57",""
"De Vries/Koen [KOMA]","Lange Koepoortstraat, 61","2000 Antwerpen / Anvers","+32 (3) 234.39.98","koen.de.vries@pandora.be"
"De Matelote bvba","Haarstraat, 9","2000 Antwerpen / Anvers","","dematelote@telenet.be"
"De Siechel","Venusstraat, 17","2000 Antwerpen / Anvers","+32 (3) 226.49.36","wipi@skynet.be"
"Ijssalon 't Bieke","Korte Gasthuisstraat, 8","2000 Antwerpen / Anvers","+32 (3) 231.61.59",""
"t steen/An ['T STEEN]","Suikerrui, 7","2000 Antwerpen / Anvers","+32 (3) 232.77.41",""
"L'Officina","Plantinkaai, 18","2000 Antwerpen / Anvers","+32 (3) 226.92.78","l_officina@hotmail.com"
"Choi/Sou","Italiëlei, 189","2000 Antwerpen / Anvers","+32 (3) 231.09.88",""
"Las Manas (Restaurant) [NUEVO LAS MANAS]","Ankerrui, 36","2000 Antwerpen / Anvers","+32 (3) 231.72.20","miguel@lasmanas.com"
"Vertommen/Joanna [BELLE AUDREY]","Kloosterstraat, 72","2000 Antwerpen / Anvers","+32 (3) 237.66.82",""
"Gemeiner/Glenn [BRASSERIE DEN ARTIST]","Museumstraat, 45","2000 Antwerpen / Anvers","+32 (3) 290.52.28",""
"A La Carta","Oever, 2","2000 Antwerpen / Anvers","+32 (3) 233.14.07",""
"Chassapis/Athanassios [CAFETZOU]","Marnixplaats, 10","2000 Antwerpen / Anvers","+32 (3) 216.25.59",""
"Ad Hock [HADDOCK]","Amerikalei, 8","2000 Antwerpen / Anvers","+32 (3) 293.77.70",""
"Finjan bvba","Graaf van Hoornestraat, 1","2000 Antwerpen / Anvers","",""
"La Passarella [PASSAGE]","Beddenstraat, 2","2000 Antwerpen / Anvers","+32 (3) 231.83.49",""
"Laeremans/Andrea [PRETTY PICK-NIC]","De Gerlachekaai, 37","2000 Antwerpen / Anvers","+32 (3) 216.05.20",""
"Oostra ['T KANEEL]","Waalsekaai, 32","2000 Antwerpen / Anvers","+32 (3) 248.11.11",""
"smak","Londenstraat, 18","2000 Antwerpen / Anvers","+32 (3) 232.06.42",""
"Stael/Daisy [SALSA-SNACK DAISY]","Vekestraat, 49","2000 Antwerpen / Anvers","+32 (3) 232.00.93",""
"Maldonado/Carlos [BIOLOGISCH DYNAMISCHE BAKKERIJ]","Volkstraat, 17","2000 Antwerpen / Anvers","+32 (3) 216.00.42",""
"Noble House [PRO ULTIMO]","Stadswaag, 21","2000 Antwerpen / Anvers","+32 (3) 231.98.04",""
"Los Amigos Catering [LA BOQUERIA]","Scheldeken, 7","2000 Antwerpen / Anvers","+32 (3) 231.27.17",""
"Jazz Studio Tritonus","De Vrierestraat, 17","2000 Antwerpen / Anvers","+32 (3) 248.24.68",""
"S.N.S INTERNATIONAL BELGIUM","Kipdorpvest, 7/A","2000 Antwerpen / Anvers","+32 (3) 226.07.74",""
"Perdaems J. [FRITUUR NR 1]","Hoogstraat, 1","2000 Antwerpen / Anvers","+32 (3) 232.63.77",""
"Lucy Chang bvba","Marnixplaats, 16","2000 Antwerpen / Anvers","",""
"Tiramisu","Schuttershofstraat, 31","2000 Antwerpen / Anvers","+32 (3) 231.82.51",""
"Restaurant Pazzo [POCO PAZZO]","Oudeleeuwenrui, 12","2000 Antwerpen / Anvers","+32 (3) 232.86.82","pazzo@skynet.be"
"Blancquaert/Ingeborg [KOMMILFOO]","Vlaamsekaai, 17","2000 Antwerpen / Anvers","",""
"Nuova Era bvba [NUOVA ARTE]","Graaf van Hoornestraat, 3","2000 Antwerpen / Anvers","+32 (3) 248.96.20","info@nuovaera.be"
"Tea-Room Moments [MOMENTS]","Meir, 47","2000 Antwerpen / Anvers","+32 (3) 233.60.76","moments@skynet.be"
"Hippodroom bvba [HYPPODROOM]","Leopold de Waelplaats, 10","2000 Antwerpen / Anvers","+32 (3) 248.52.52",""
"Wow wok","Oude Koornmarkt, 4","2000 Antwerpen / Anvers","+32 (3) 293.84.36",""
"Des Arts [CAFE DES ARTS]","Frankrijklei, 40","2000 Antwerpen / Anvers","+32 (3) 233.18.09",""
"Het Festijn Jo & Lo","Napelsstraat, 106","2000 Antwerpen / Anvers","+32 (3) 231.12.03",""
"Bitterzoet","Kronenburgstraat, 41/D","2000 Antwerpen / Anvers","+32 (3) 290.04.02","bitterzoet0@hotmail.com"
"Symforosa bvba","Kleine Markt, 8","2000 Antwerpen / Anvers","+32 (3) 233.84.09",""
"Da Giovanni","Jan Blomstraat, 7","2000 Antwerpen / Anvers","+32 (3) 707.10.47","dagiovanni@pandora.be"
"Entrepot du Congo","De Burburestraat, 2","2000 Antwerpen / Anvers","+32 (3) 257.16.48",""
"De Maeyer/Jan","Sint-Paulusstraat, 21","2000 Antwerpen / Anvers","",""
"Lesvos by night","Hoogstraat, 34","2000 Antwerpen / Anvers","+32 (3) 231.18.11",""
"Pata Negra [VERS ] BVBA]","Nassaustraat, 19","2000 Antwerpen / Anvers","+32 (3) 233.75.70","pata.negra@skynet.be"
"Snack Side [PITA PALACE]","Sint-Jansvliet, 15","2000 Antwerpen / Anvers","+32 (3) 226.20.77",""
"Lescrinier/Bernard [RESTAURANT BERNARDIN]","Sint-Jacobsstraat, 17","2000 Antwerpen / Anvers","",""
"Costa Pinto/Rosa ['T LEKKERHUISJE]","Kipdorpvest, 40","2000 Antwerpen / Anvers","+32 (3) 234.95.31",""
"Kartini","Oude Koornmarkt, 61","2000 Antwerpen / Anvers","+32 (3) 226.44.63","jusuf.natadiredja@pandora.be"
"Lola Kinderkleding [CHINOIS]","Sint-Jorispoort, 15","2000 Antwerpen / Anvers","+32 (3) 234.03.45",""
"Tante Yvonne bvba","Vlaamsekaai, 92","2000 Antwerpen / Anvers","+32 (3) 237.07.31",""
"SMB Horeca","Groenplaats, 18","2000 Antwerpen / Anvers","+32 (3) 232.54.33",""
"Lies [TABL'EAU]","Hoogstraat, 71","2000 Antwerpen / Anvers","+32 (3) 227.11.89",""
"De Belder/Dave [DE GODEVAART]","Wolstraat, 45","2000 Antwerpen / Anvers","",""
"Wok A Way/Kasper [DE WOK EN 'T TAFELDIER]","Gentplaats, 1","2000 Antwerpen / Anvers","+32 (3) 293.72.54","info@taste.nu"
"Verheyden/Nelly [TIKANIS]","Maarschalk Gérardstraat, 19","2000 Antwerpen / Anvers","+32 (3) 227.18.68",""
"Varelli","Plantinkaai, 15","2000 Antwerpen / Anvers","+32 (3) 485.88.82",""
"Balke/Edward [IZUMI-JAPANS RESTAURANT]","Beeldhouwersstraat, 48","2000 Antwerpen / Anvers","+32 (3) 237.19.33",""
"Tam/Wing","Kasteelpleinstraat, 36","2000 Antwerpen / Anvers","",""
"Cammerpoorte [GOJA]","Nationalestraat, 38","2000 Antwerpen / Anvers","+32 (3) 226.92.90","info@cammerpoorte.be"
"'t Fritkotje","Londenstraat, 48","2000 Antwerpen / Anvers","+32 (3) 232.24.04",""
"Chiu/Yee wah","Italiëlei, 99","2000 Antwerpen / Anvers","+32 (3) 297.60.98",""
"Gistelein (Restaurant)","Zand, 25","2000 Antwerpen / Anvers","+32 (3) 233.13.66",""
"De Moor/Dirk","Hendrik Conscienceplein, 3","2000 Antwerpen / Anvers","+32 (3) 232.64.38","restaurant.demanie@scarlet.be"
"Mertens/Alfreda","Huidevettersstraat, 32","2000 Antwerpen / Anvers","+32 (3) 232.69.54",""
"Fuji-San bvba","Waalsekaai, 36","2000 Antwerpen / Anvers","+32 (3) 216.27.53",""
"AYLA G","Oude Koornmarkt, 28","2000 Antwerpen / Anvers","+32 (3) 226.86.22","restaurant_verona@hotmail.com"
"Huis De Colvenier","Sint-Antoniusstraat, 8","2000 Antwerpen / Anvers","+32 (3) 227.13.14","info@colvenier.be"
"Cammerpoorte, Cammer bvba [GOJA]","Nationalestraat, 38","2000 Antwerpen / Anvers","+32 (3) 213.27.05","info@cammerpoorte.be"
"Serap [DOUSLIME]","Waalsekaai, 38","2000 Antwerpen / Anvers","+32 (3) 290.32.88",""
"De Peerdestal bvba [ZOUT & PEPER]","Wijngaardstraat, 8","2000 Antwerpen / Anvers","+32 (3) 231.95.03",""
"Girne bvba [CYPRUS]","Volkstraat, 60","2000 Antwerpen / Anvers","+32 (3) 237.03.91",""
"Verley/Linda [DE NONIUS]","Ossenmarkt, 33","2000 Antwerpen / Anvers","+32 (3) 233.70.66",""
"Hollandse Club","Venusstraat, 17","2000 Antwerpen / Anvers","+32 (3) 232.82.67",""
"Foodmakers","Bolivarplaats, 2","2000 Antwerpen / Anvers","+32 (3) 257.51.58","bolivar@thefoodmaker.com"
"Taim","Kipdorpvest, 21","2000 Antwerpen / Anvers","+32 (3) 226.99.26",""
"Passage nv","Beddenstraat, 2","2000 Antwerpen / Anvers","+32 (3) 233.95.95",""
"Zulmat [MUROT PITTA]","Verschansingstraat, 61","2000 Antwerpen / Anvers","+32 (3) 237.43.65","info@murroderman.be"
"De 7 Schaken","Braderijstraat, 24","2000 Antwerpen / Anvers","+32 (3) 232.52.44","de7schaken@gmail.com"
"Peeters/Ann [GALLO NERO]","Grote Pieter Potstraat, 36","2000 Antwerpen / Anvers","+32 (3) 231.19.60",""
"Jeanty's","Lijnwaadmarkt, 5","2000 Antwerpen / Anvers","+32 (3) 226.07.10",""
"'t Sandt","Zand, 17","2000 Antwerpen / Anvers","+32 (3) 213.24.12",""
"Little Buddha/Tsasa","Luikstraat, 4","2000 Antwerpen / Anvers","+32 (3) 294.02.93",""
"Les Must de Cartier-Belgique","Schuttershofstraat, 2","2000 Antwerpen / Anvers","+32 (3) 231.17.71","boutique-cartier.antwerp@cartier.com"
"Adriaenssens/Sara [BROODJESATELIER]","Schaliënstraat, 41","2000 Antwerpen / Anvers","+32 (3) 216.29.86",""
"Fleur de Lijs","Verschansingstraat, 63","2000 Antwerpen / Anvers","+32 (3) 216.43.03",""
"De 14 smaken van de Midi bvba","Vlaamsekaai, 72","2000 Antwerpen / Anvers","+32 (3) 257.02.92","info@de14smakenvandemidi.com"
"Belgica","Verschansingstraat, 34","2000 Antwerpen / Anvers","+32 (3) 294.72.55",""
"Salko [MADRE TIERRA]","Minderbroedersrui, 47","2000 Antwerpen / Anvers","+32 (3) 232.42.40",""
"Verhestraeten LVDO Trattoria Dante [GRILL N° 1]","Koepoortbrug, 2","2000 Antwerpen / Anvers","",""
"'t Suut Bekske [DE KLEINE WERELD]","Hoogstraat, 54","2000 Antwerpen / Anvers","+32 (3) 232.22.60",""
"De Kleine Matthias","Brouwersvliet, 38","2000 Antwerpen / Anvers","+32 (3) 231.91.07","broodjes@kleinematthias.be"
"Da Giovanni","Jan Blomstraat, 8","2000 Antwerpen / Anvers","+32 (3) 226.74.50","dagiovanni@pandora.be"
"Lagoon [GULDEN SWAENE]","Hendrik Conscienceplein, 15","2000 Antwerpen / Anvers","+32 (3) 233.12.59","restaurant.gulden.swaene@pandora.be"
"Bollens/Mia [PASSAGE]","Beddenstraat, 2","2000 Antwerpen / Anvers","+32 (3) 227.40.26",""
"Arte bvba","Suikerrui, 24","2000 Antwerpen / Anvers","+32 (3) 226.29.70",""
"Fornuis ('t) Restaurant ['T FORNUIS]","Reyndersstraat, 24","2000 Antwerpen / Anvers","+32 (3) 233.99.03",""
"Valencia Restaurant gcv","Oudeleeuwenrui, 26","2000 Antwerpen / Anvers","+32 (3) 234.09.23",""
"Soeki","Volkstraat, 21","2000 Antwerpen / Anvers","+32 (3) 238.75.05",""
"Mendy's bvba","Huidevettersstraat, 37","2000 Antwerpen / Anvers","+32 (3) 231.24.47",""
"Tolschip","Schippersstraat, 33","2000 Antwerpen / Anvers","+32 (3) 289.69.70",""
"Kelleman [CROISSANTY]","Melkmarkt, 7","2000 Antwerpen / Anvers","+32 (3) 232.36.60",""
"Zuid-West [L'AIR MAROC]","Oudeleeuwenrui, 24","2000 Antwerpen / Anvers","+32 (3) 226.26.96","info@lairmaroc.be"
"GRINGO'S CANTINA","Ernest Van Dijckkaai, 24","2000 Antwerpen / Anvers","+32 (3) 232.63.84",""
"Van Laere/Ronald","Paardenmarkt, 21","2000 Antwerpen / Anvers","+32 (3) 233.14.86","r.van.laere@skynet.be"
